gameweek,team,matches_played,rank,points,goals_for,goals_against,goal_difference,yellow_cards,red_cards,second_yellow_cards,fairplay
1,Osasuna,1,1,3,2,1,1,5.0,0.0,0.0,5.0
1,Real_Madrid,1,2,3,2,1,1,1.0,0.0,0.0,1.0
1,Real_Sociedad,1,3,3,1,0,1,2.0,0.0,0.0,2.0
1,Valencia,1,4,3,1,0,1,2.0,1.0,0.0,5.0
1,Atletico_Madrid,1,5,3,3,0,3,1.0,0.0,0.0,1.0
1,Real_Betis,1,6,3,3,0,3,3.0,0.0,0.0,3.0
1,Villarreal,1,7,3,3,0,3,0.0,0.0,0.0,0.0
1,Athletic_Club,1,8,1,0,0,0,0.0,0.0,0.0,0.0
1,Barcelona,1,9,1,0,0,0,3.0,1.0,1.0,4.0
1,Celta_Vigo,1,10,1,2,2,0,5.0,0.0,0.0,5.0
1,Espanyol,1,11,1,2,2,0,2.0,0.0,0.0,2.0
1,Mallorca,1,12,1,0,0,0,6.0,0.0,0.0,6.0
1,Rayo_Vallecano,1,13,1,0,0,0,6.0,0.0,0.0,6.0
1,Elche,1,14,0,0,3,-3,6.0,1.0,0.0,9.0
1,Getafe,1,15,0,0,3,-3,2.0,0.0,0.0,2.0
1,Valladolid,1,16,0,0,3,-3,1.0,0.0,0.0,1.0
1,Almeria,1,17,0,1,2,-1,3.0,0.0,0.0,3.0
1,Cadiz,1,18,0,0,1,-1,4.0,0.0,0.0,4.0
1,Girona,1,19,0,0,1,-1,3.0,0.0,0.0,3.0
1,Sevilla,1,20,0,1,2,-1,3.0,0.0,0.0,3.0
2,Osasuna,2,1,6,4,1,3,7.0,0.0,0.0,7.0
2,Real_Betis,2,2,6,5,1,4,11.0,0.0,0.0,11.0
2,Real_Madrid,2,3,6,6,2,4,3.0,0.0,0.0,3.0
2,Villarreal,2,4,6,5,0,5,3.0,0.0,0.0,3.0
2,Athletic_Club,2,5,4,1,0,1,5.0,0.0,0.0,5.0
2,Rayo_Vallecano,2,6,4,2,0,2,11.0,1.0,1.0,12.0
2,Barcelona,2,7,4,4,1,3,4.0,1.0,1.0,5.0
2,Real_Sociedad,2,8,3,2,4,-2,4.0,0.0,0.0,4.0
2,Valencia,2,9,3,1,1,0,4.0,1.0,0.0,7.0
2,Atletico_Madrid,2,10,3,3,2,1,3.0,1.0,0.0,6.0
2,Girona,2,11,3,3,2,1,5.0,0.0,0.0,5.0
2,Celta_Vigo,2,12,1,3,6,-3,7.0,0.0,0.0,7.0
2,Elche,2,13,1,1,4,-3,7.0,1.0,0.0,10.0
2,Valladolid,2,14,1,1,4,-3,3.0,1.0,0.0,6.0
2,Espanyol,2,15,1,2,4,-2,4.0,1.0,0.0,7.0
2,Almeria,2,16,1,2,3,-1,7.0,0.0,0.0,7.0
2,Mallorca,2,17,1,1,2,-1,13.0,0.0,0.0,13.0
2,Sevilla,2,18,1,2,3,-1,6.0,1.0,0.0,9.0
2,Getafe,2,19,0,1,6,-5,8.0,1.0,0.0,11.0
2,Cadiz,2,20,0,0,3,-3,9.0,1.0,1.0,10.0
3,Real_Betis,3,1,9,6,1,5,11.0,1.0,0.0,14.0
3,Real_Madrid,3,2,9,9,3,6,3.0,0.0,0.0,3.0
3,Athletic_Club,3,3,7,5,0,5,6.0,0.0,0.0,6.0
3,Villarreal,3,4,7,5,0,5,8.0,0.0,0.0,8.0
3,Barcelona,3,5,7,8,1,7,4.0,1.0,1.0,5.0
3,Real_Sociedad,3,6,6,3,4,-1,7.0,0.0,0.0,7.0
3,Atletico_Madrid,3,7,6,4,2,2,6.0,1.0,0.0,9.0
3,Osasuna,3,8,6,4,2,2,10.0,0.0,0.0,10.0
3,Celta_Vigo,3,9,4,4,6,-2,8.0,0.0,0.0,8.0
3,Almeria,3,10,4,4,4,0,12.0,0.0,0.0,12.0
3,Rayo_Vallecano,3,11,4,2,2,0,12.0,1.0,1.0,13.0
3,Mallorca,3,12,4,3,2,1,16.0,0.0,0.0,16.0
3,Valencia,3,13,3,1,2,-1,8.0,1.0,0.0,11.0
3,Girona,3,14,3,3,3,0,7.0,0.0,0.0,7.0
3,Valladolid,3,15,1,1,8,-7,6.0,1.0,0.0,9.0
3,Getafe,3,16,1,1,6,-5,9.0,1.0,0.0,12.0
3,Elche,3,17,1,1,5,-4,10.0,1.0,0.0,13.0
3,Espanyol,3,18,1,3,7,-4,4.0,2.0,0.0,10.0
3,Sevilla,3,19,1,3,5,-2,14.0,1.0,0.0,17.0
3,Cadiz,3,20,0,0,7,-7,11.0,1.0,1.0,12.0
4,Real_Madrid,4,1,12,11,4,7,3.0,0.0,0.0,3.0
4,Villarreal,4,2,10,9,0,9,9.0,0.0,0.0,9.0
4,Barcelona,4,3,10,11,1,10,8.0,1.0,1.0,9.0
4,Osasuna,4,4,9,6,3,3,12.0,0.0,0.0,12.0
4,Real_Betis,4,5,9,7,3,4,12.0,1.0,0.0,15.0
4,Real_Sociedad,4,6,7,4,5,-1,12.0,0.0,0.0,12.0
4,Celta_Vigo,4,7,7,7,6,1,9.0,0.0,0.0,9.0
4,Atletico_Madrid,4,8,7,5,3,2,10.0,1.0,0.0,13.0
4,Athletic_Club,4,9,7,5,1,4,9.0,0.0,0.0,9.0
4,Valencia,4,10,6,6,3,3,11.0,2.0,1.0,15.0
4,Mallorca,4,11,5,4,3,1,20.0,0.0,0.0,20.0
4,Valladolid,4,12,4,2,8,-6,7.0,1.0,0.0,10.0
4,Espanyol,4,13,4,4,7,-3,6.0,2.0,0.0,12.0
4,Almeria,4,14,4,4,5,-1,18.0,0.0,0.0,18.0
4,Rayo_Vallecano,4,15,4,3,4,-1,14.0,1.0,1.0,15.0
4,Girona,4,16,4,4,4,0,9.0,0.0,0.0,9.0
4,Getafe,4,17,1,2,11,-9,15.0,2.0,1.0,19.0
4,Elche,4,18,1,1,9,-8,13.0,1.0,0.0,16.0
4,Sevilla,4,19,1,3,8,-5,16.0,1.0,0.0,19.0
4,Cadiz,4,20,0,0,10,-10,13.0,1.0,1.0,14.0
5,Real_Madrid,5,1,15,15,5,10,6.0,0.0,0.0,6.0
5,Barcelona,5,2,13,15,1,14,10.0,1.0,1.0,11.0
5,Osasuna,5,3,12,7,3,4,14.0,0.0,0.0,14.0
5,Real_Betis,5,4,12,8,3,5,13.0,1.0,0.0,16.0
5,Atletico_Madrid,5,5,10,9,4,5,12.0,1.0,0.0,15.0
5,Athletic_Club,5,6,10,9,2,7,9.0,0.0,0.0,9.0
5,Villarreal,5,7,10,9,1,8,10.0,0.0,0.0,10.0
5,Celta_Vigo,5,8,7,8,10,-2,12.0,0.0,0.0,12.0
5,Real_Sociedad,5,9,7,5,7,-2,13.0,0.0,0.0,13.0
5,Rayo_Vallecano,5,10,7,5,5,0,19.0,1.0,1.0,20.0
5,Girona,5,11,7,6,5,1,9.0,0.0,0.0,9.0
5,Valencia,5,12,6,7,5,2,13.0,2.0,1.0,17.0
5,Mallorca,5,13,5,5,7,-2,25.0,0.0,0.0,25.0
5,Getafe,5,14,4,4,12,-8,19.0,2.0,1.0,23.0
5,Valladolid,5,15,4,3,10,-7,9.0,1.0,0.0,12.0
5,Espanyol,5,16,4,6,10,-4,10.0,2.0,0.0,16.0
5,Sevilla,5,17,4,6,10,-4,21.0,2.0,1.0,25.0
5,Almeria,5,18,4,4,6,-2,18.0,0.0,0.0,18.0
5,Elche,5,19,1,2,13,-11,16.0,1.0,0.0,19.0
5,Cadiz,5,20,0,0,14,-14,14.0,1.0,1.0,15.0
6,Real_Madrid,6,1,18,17,6,11,8.0,0.0,0.0,8.0
6,Barcelona,6,2,16,18,1,17,12.0,1.0,1.0,13.0
6,Real_Betis,6,3,15,10,4,6,13.0,1.0,0.0,16.0
6,Athletic_Club,6,4,13,12,4,8,10.0,0.0,0.0,10.0
6,Osasuna,6,5,12,7,5,2,21.0,1.0,0.0,24.0
6,Villarreal,6,6,11,10,2,8,11.0,0.0,0.0,11.0
6,Real_Sociedad,6,7,10,7,8,-1,16.0,0.0,0.0,16.0
6,Atletico_Madrid,6,8,10,10,6,4,16.0,2.0,1.0,20.0
6,Valencia,6,9,9,10,5,5,16.0,2.0,1.0,20.0
6,Mallorca,6,10,8,6,7,-1,28.0,0.0,0.0,28.0
6,Getafe,6,11,7,6,12,-6,22.0,3.0,2.0,27.0
6,Celta_Vigo,6,12,7,8,13,-5,14.0,1.0,0.0,17.0
6,Rayo_Vallecano,6,13,7,7,8,-1,21.0,1.0,1.0,22.0
6,Girona,6,14,7,7,7,0,12.0,0.0,0.0,12.0
6,Sevilla,6,15,5,7,11,-4,26.0,2.0,1.0,30.0
6,Valladolid,6,16,4,3,11,-8,10.0,1.0,0.0,13.0
6,Espanyol,6,17,4,7,12,-5,10.0,2.0,0.0,16.0
6,Almeria,6,18,4,4,7,-3,24.0,0.0,0.0,24.0
6,Cadiz,6,19,3,1,14,-13,18.0,1.0,1.0,19.0
6,Elche,6,20,1,2,16,-14,18.0,2.0,0.0,24.0
7,Real_Madrid,7,1,19,18,7,11,9.0,0.0,0.0,9.0
7,Barcelona,7,2,19,19,1,18,16.0,1.0,1.0,17.0
7,Athletic_Club,7,3,16,16,4,12,11.0,0.0,0.0,11.0
7,Real_Betis,7,4,15,10,5,5,16.0,2.0,0.0,22.0
7,Real_Sociedad,7,5,13,12,11,1,17.0,0.0,0.0,17.0
7,Osasuna,7,6,13,8,6,2,23.0,2.0,0.0,29.0
7,Atletico_Madrid,7,7,13,12,6,6,18.0,2.0,1.0,22.0
7,Villarreal,7,8,12,10,2,8,14.0,0.0,0.0,14.0
7,Celta_Vigo,7,9,10,9,13,-4,18.0,1.0,0.0,21.0
7,Rayo_Vallecano,7,10,10,9,9,0,22.0,1.0,1.0,23.0
7,Valencia,7,11,10,12,7,5,17.0,3.0,1.0,24.0
7,Mallorca,7,12,8,6,8,-2,30.0,0.0,0.0,30.0
7,Getafe,7,13,7,8,15,-7,24.0,3.0,2.0,29.0
7,Valladolid,7,14,7,6,13,-7,15.0,1.0,0.0,18.0
7,Girona,7,15,7,10,12,-2,15.0,0.0,0.0,15.0
7,Sevilla,7,16,5,7,13,-6,29.0,2.0,1.0,33.0
7,Espanyol,7,17,5,9,14,-5,12.0,3.0,0.0,21.0
7,Cadiz,7,18,4,1,14,-13,20.0,2.0,1.0,24.0
7,Almeria,7,19,4,4,11,-7,27.0,0.0,0.0,27.0
7,Elche,7,20,1,3,18,-15,26.0,2.0,0.0,32.0
8,Real_Madrid,8,1,22,19,7,12,9.0,0.0,0.0,9.0
8,Barcelona,8,2,22,20,1,19,18.0,1.0,1.0,19.0
8,Athletic_Club,8,3,17,17,5,12,11.0,1.0,0.0,14.0
8,Real_Sociedad,8,4,16,13,11,2,22.0,0.0,0.0,22.0
8,Real_Betis,8,5,16,10,5,5,17.0,3.0,0.0,26.0
8,Atletico_Madrid,8,6,16,14,7,7,21.0,2.0,1.0,25.0
8,Osasuna,8,7,13,9,8,1,26.0,4.0,0.0,38.0
8,Valencia,8,8,13,14,8,6,23.0,4.0,2.0,31.0
8,Villarreal,8,9,12,10,3,7,17.0,0.0,0.0,17.0
8,Celta_Vigo,8,10,10,9,14,-5,22.0,1.0,0.0,25.0
8,Rayo_Vallecano,8,11,10,10,12,-2,24.0,1.0,1.0,25.0
8,Mallorca,8,12,9,7,9,-2,34.0,1.0,0.0,37.0
8,Valladolid,8,13,8,6,13,-7,16.0,1.0,0.0,19.0
8,Getafe,8,14,7,8,16,-8,24.0,3.0,2.0,29.0
8,Almeria,8,15,7,7,12,-5,31.0,1.0,1.0,32.0
8,Girona,8,16,7,11,14,-3,16.0,0.0,0.0,16.0
8,Sevilla,8,17,6,8,14,-6,33.0,2.0,1.0,37.0
8,Espanyol,8,18,6,11,16,-5,16.0,3.0,0.0,25.0
8,Cadiz,8,19,5,3,16,-13,24.0,2.0,1.0,28.0
8,Elche,8,20,2,4,19,-15,30.0,3.0,0.0,39.0
9,Real_Madrid,9,1,25,22,8,14,11.0,0.0,0.0,11.0
9,Barcelona,9,2,22,21,4,17,20.0,1.0,1.0,21.0
9,Real_Sociedad,9,3,19,15,12,3,29.0,0.0,0.0,29.0
9,Real_Betis,9,4,19,13,6,7,18.0,3.0,0.0,27.0
9,Atletico_Madrid,9,5,19,15,7,8,27.0,2.0,1.0,31.0
9,Athletic_Club,9,6,17,17,6,11,11.0,1.0,0.0,14.0
9,Villarreal,9,7,15,12,3,9,19.0,0.0,0.0,19.0
9,Valencia,9,8,14,16,10,6,26.0,4.0,2.0,34.0
9,Osasuna,9,9,13,9,10,-1,32.0,4.0,0.0,44.0
9,Rayo_Vallecano,9,10,11,10,12,-2,26.0,1.0,1.0,27.0
9,Celta_Vigo,9,11,10,10,16,-6,27.0,2.0,0.0,33.0
9,Sevilla,9,12,9,9,14,-5,36.0,2.0,1.0,40.0
9,Espanyol,9,13,9,12,16,-4,17.0,3.0,0.0,26.0
9,Mallorca,9,14,9,7,10,-3,36.0,1.0,0.0,39.0
9,Getafe,9,15,8,8,16,-8,27.0,3.0,2.0,32.0
9,Valladolid,9,16,8,6,14,-8,20.0,1.0,0.0,23.0
9,Girona,9,17,8,12,15,-3,21.0,0.0,0.0,21.0
9,Almeria,9,18,7,8,15,-7,32.0,1.0,1.0,33.0
9,Cadiz,9,19,6,4,17,-13,28.0,2.0,1.0,32.0
9,Elche,9,20,3,6,21,-15,36.0,3.0,0.0,45.0
10,Real_Madrid,10,1,28,25,8,17,12.0,0.0,0.0,12.0
10,Barcelona,10,2,25,24,4,20,20.0,1.0,1.0,21.0
10,Real_Sociedad,10,3,22,16,12,4,30.0,0.0,0.0,30.0
10,Real_Betis,10,4,20,13,6,7,20.0,4.0,1.0,30.0
10,Atletico_Madrid,10,5,20,16,8,8,30.0,2.0,1.0,34.0
10,Athletic_Club,10,6,18,19,8,11,15.0,1.0,0.0,18.0
10,Osasuna,10,7,16,10,10,0,33.0,4.0,0.0,45.0
10,Valencia,10,8,15,17,11,6,33.0,4.0,2.0,41.0
10,Villarreal,10,9,15,12,6,6,20.0,0.0,0.0,20.0
10,Rayo_Vallecano,10,10,12,11,13,-2,26.0,1.0,1.0,27.0
10,Valladolid,10,11,11,10,15,-5,21.0,1.0,0.0,24.0
10,Celta_Vigo,10,12,10,11,20,-9,28.0,2.0,0.0,34.0
10,Almeria,10,13,10,11,17,-6,33.0,1.0,1.0,34.0
10,Sevilla,10,14,10,10,15,-5,40.0,3.0,1.0,47.0
10,Getafe,10,15,9,10,18,-8,32.0,3.0,2.0,37.0
10,Espanyol,10,16,9,12,17,-5,19.0,3.0,0.0,28.0
10,Mallorca,10,17,9,7,11,-4,38.0,1.0,0.0,41.0
10,Girona,10,18,8,14,18,-4,24.0,0.0,0.0,24.0
10,Cadiz,10,19,7,4,17,-13,29.0,2.0,1.0,33.0
10,Elche,10,20,3,6,24,-18,37.0,3.0,0.0,46.0
11,Real_Madrid,11,1,31,28,9,19,13.0,0.0,0.0,13.0
11,Barcelona,11,2,28,28,4,24,22.0,1.0,1.0,23.0
11,Atletico_Madrid,11,3,23,18,9,9,33.0,2.0,1.0,37.0
11,Real_Sociedad,11,4,22,16,13,3,33.0,0.0,0.0,33.0
11,Real_Betis,11,5,20,14,8,6,22.0,4.0,1.0,32.0
11,Athletic_Club,11,6,18,19,12,7,17.0,1.0,0.0,20.0
11,Villarreal,11,7,18,14,7,7,24.0,1.0,1.0,25.0
11,Osasuna,11,8,17,11,11,0,36.0,4.0,0.0,48.0
11,Rayo_Vallecano,11,9,15,16,14,2,27.0,2.0,1.0,31.0
11,Valencia,11,10,15,18,13,5,36.0,4.0,2.0,44.0
11,Valladolid,11,11,14,11,15,-4,23.0,1.0,0.0,26.0
11,Mallorca,11,12,12,9,12,-3,43.0,1.0,0.0,46.0
11,Celta_Vigo,11,13,11,12,21,-9,29.0,2.0,0.0,35.0
11,Getafe,11,14,10,11,19,-8,33.0,3.0,2.0,38.0
11,Almeria,11,15,10,12,19,-7,34.0,1.0,1.0,35.0
11,Sevilla,11,16,10,11,18,-7,44.0,3.0,1.0,51.0
11,Espanyol,11,17,10,14,19,-5,21.0,3.0,0.0,30.0
11,Girona,11,18,9,15,19,-4,26.0,0.0,0.0,26.0
11,Cadiz,11,19,7,5,22,-17,33.0,4.0,2.0,41.0
11,Elche,11,20,4,8,26,-18,40.0,3.0,0.0,49.0
12,Real_Madrid,12,1,32,29,10,19,16.0,1.0,1.0,17.0
12,Barcelona,12,2,31,29,4,25,27.0,1.0,1.0,28.0
12,Atletico_Madrid,12,3,23,20,12,8,37.0,2.0,1.0,41.0
12,Real_Betis,12,4,23,16,8,8,26.0,4.0,1.0,36.0
12,Real_Sociedad,12,5,22,16,15,1,37.0,0.0,0.0,37.0
12,Athletic_Club,12,6,21,20,12,8,19.0,1.0,0.0,22.0
12,Osasuna,12,7,20,13,11,2,37.0,4.0,0.0,49.0
12,Rayo_Vallecano,12,8,18,17,14,3,28.0,2.0,1.0,32.0
12,Villarreal,12,9,18,14,8,6,25.0,1.0,1.0,26.0
12,Valencia,12,10,15,18,14,4,40.0,4.0,2.0,48.0
12,Valladolid,12,11,14,11,17,-6,26.0,1.0,0.0,29.0
12,Getafe,12,12,13,12,19,-7,36.0,4.0,3.0,42.0
12,Almeria,12,13,13,15,20,-5,38.0,1.0,1.0,39.0
12,Mallorca,12,14,13,10,13,-3,47.0,2.0,0.0,53.0
12,Celta_Vigo,12,15,11,13,24,-11,29.0,3.0,0.0,38.0
12,Espanyol,12,16,11,15,20,-5,22.0,3.0,0.0,31.0
12,Cadiz,12,17,10,8,24,-16,35.0,4.0,2.0,43.0
12,Sevilla,12,18,10,11,19,-8,49.0,3.0,1.0,56.0
12,Girona,12,19,10,16,20,-4,29.0,0.0,0.0,29.0
12,Elche,12,20,4,8,27,-19,40.0,3.0,0.0,49.0
13,Barcelona,13,1,34,31,4,27,29.0,1.0,1.0,30.0
13,Real_Madrid,13,2,32,31,13,18,21.0,1.0,1.0,22.0
13,Atletico_Madrid,13,3,24,21,13,8,40.0,2.0,1.0,44.0
13,Real_Betis,13,4,24,17,9,8,30.0,6.0,1.0,46.0
13,Real_Sociedad,13,5,23,17,16,1,39.0,1.0,0.0,42.0
13,Osasuna,13,6,23,15,12,3,42.0,4.0,0.0,54.0
13,Rayo_Vallecano,13,7,21,20,16,4,32.0,2.0,1.0,36.0
13,Athletic_Club,13,8,21,21,14,7,20.0,1.0,0.0,23.0
13,Villarreal,13,9,18,14,10,4,29.0,1.0,1.0,30.0
13,Valladolid,13,10,17,13,18,-5,28.0,1.0,0.0,31.0
13,Mallorca,13,11,16,12,13,-1,53.0,2.0,0.0,59.0
13,Valencia,13,12,16,19,15,4,40.0,4.0,2.0,48.0
13,Getafe,13,13,14,12,19,-7,41.0,6.0,4.0,51.0
13,Almeria,13,14,13,15,22,-7,39.0,1.0,1.0,40.0
13,Girona,13,15,13,18,21,-3,30.0,0.0,0.0,30.0
13,Espanyol,13,16,12,16,21,-5,27.0,4.0,0.0,39.0
13,Cadiz,13,17,11,8,24,-16,37.0,5.0,3.0,46.0
13,Celta_Vigo,13,18,11,14,26,-12,30.0,3.0,0.0,39.0
13,Sevilla,13,19,11,12,20,-8,54.0,4.0,1.0,64.0
13,Elche,13,20,4,9,29,-20,40.0,3.0,0.0,49.0
14,Barcelona,14,1,37,33,5,28,33.0,2.0,2.0,35.0
14,Real_Madrid,14,2,35,33,14,19,24.0,1.0,1.0,25.0
14,Real_Sociedad,14,3,26,19,17,2,41.0,1.0,0.0,44.0
14,Real_Betis,14,4,24,17,12,5,33.0,7.0,2.0,50.0
14,Atletico_Madrid,14,5,24,21,14,7,43.0,2.0,1.0,47.0
14,Athletic_Club,14,6,24,24,14,10,23.0,1.0,0.0,26.0
14,Osasuna,14,7,23,16,14,2,46.0,4.0,0.0,58.0
14,Rayo_Vallecano,14,8,22,20,16,4,39.0,2.0,1.0,43.0
14,Villarreal,14,9,21,15,10,5,32.0,1.0,1.0,33.0
14,Mallorca,14,10,19,13,13,0,58.0,2.0,0.0,64.0
14,Valencia,14,11,19,22,15,7,41.0,4.0,2.0,49.0
14,Valladolid,14,12,17,13,21,-8,29.0,1.0,0.0,32.0
14,Almeria,14,13,16,16,22,-6,47.0,2.0,2.0,49.0
14,Girona,14,14,16,20,22,-2,32.0,0.0,0.0,32.0
14,Getafe,14,15,14,12,20,-8,45.0,6.0,4.0,55.0
14,Celta_Vigo,14,16,12,14,26,-12,31.0,3.0,0.0,40.0
14,Espanyol,14,17,12,16,22,-6,28.0,4.0,0.0,40.0
14,Cadiz,14,18,11,9,26,-17,40.0,5.0,3.0,49.0
14,Sevilla,14,19,11,13,22,-9,56.0,6.0,1.0,72.0
14,Elche,14,20,4,10,31,-21,43.0,3.0,0.0,52.0
15,Real_Madrid,15,1,38,35,14,21,24.0,1.0,1.0,25.0
15,Barcelona,15,2,38,34,6,28,40.0,3.0,3.0,43.0
15,Real_Sociedad,15,3,29,21,17,4,42.0,1.0,0.0,45.0
15,Atletico_Madrid,15,4,27,23,14,9,46.0,3.0,2.0,51.0
15,Real_Betis,15,5,25,17,12,5,34.0,8.0,2.0,54.0
15,Athletic_Club,15,6,25,24,14,10,27.0,1.0,0.0,30.0
15,Villarreal,15,7,24,17,11,6,33.0,1.0,1.0,34.0
15,Osasuna,15,8,23,16,16,0,47.0,4.0,0.0,59.0
15,Rayo_Vallecano,15,9,23,22,18,4,41.0,2.0,1.0,45.0
15,Mallorca,15,10,19,13,15,-2,59.0,2.0,0.0,65.0
15,Valencia,15,11,19,23,17,6,45.0,4.0,2.0,53.0
15,Valladolid,15,12,17,13,23,-10,31.0,2.0,0.0,37.0
15,Almeria,15,13,17,17,23,-6,47.0,2.0,2.0,49.0
15,Getafe,15,14,17,14,20,-6,45.0,6.0,4.0,55.0
15,Girona,15,15,17,22,24,-2,35.0,0.0,0.0,35.0
15,Celta_Vigo,15,16,13,15,27,-12,33.0,3.0,0.0,42.0
15,Espanyol,15,17,13,17,23,-6,35.0,5.0,1.0,48.0
15,Cadiz,15,18,12,10,27,-17,42.0,5.0,3.0,51.0
15,Sevilla,15,19,12,14,23,-9,60.0,7.0,2.0,77.0
15,Elche,15,20,4,10,33,-23,47.0,5.0,1.0,60.0
16,Barcelona,16,1,41,35,6,29,43.0,4.0,3.0,49.0
16,Real_Madrid,16,2,38,36,16,20,25.0,1.0,1.0,26.0
16,Real_Sociedad,16,3,32,23,17,6,42.0,1.0,0.0,45.0
16,Real_Betis,16,4,28,19,13,6,36.0,8.0,2.0,56.0
16,Villarreal,16,5,27,19,12,7,37.0,1.0,1.0,38.0
16,Atletico_Madrid,16,6,27,23,15,8,48.0,4.0,2.0,56.0
16,Athletic_Club,16,7,26,24,14,10,27.0,1.0,0.0,30.0
16,Osasuna,16,8,24,16,16,0,48.0,4.0,0.0,60.0
16,Rayo_Vallecano,16,9,23,23,20,3,44.0,2.0,1.0,48.0
16,Mallorca,16,10,22,14,15,-1,61.0,2.0,0.0,67.0
16,Valencia,16,11,19,23,18,5,50.0,4.0,2.0,58.0
16,Girona,16,12,18,24,26,-2,37.0,0.0,0.0,37.0
16,Valladolid,16,13,17,13,24,-11,34.0,2.0,0.0,40.0
16,Almeria,16,14,17,17,25,-8,48.0,2.0,2.0,50.0
16,Getafe,16,15,17,15,22,-7,48.0,6.0,4.0,58.0
16,Celta_Vigo,16,16,16,16,27,-11,34.0,3.0,0.0,43.0
16,Cadiz,16,17,15,11,27,-16,48.0,5.0,3.0,57.0
16,Sevilla,16,18,15,16,24,-8,63.0,7.0,2.0,80.0
16,Espanyol,16,19,14,19,25,-6,38.0,5.0,1.0,51.0
16,Elche,16,20,4,10,34,-24,50.0,6.0,1.0,66.0
17,Barcelona,16,1,41,35,6,29,43.0,4.0,3.0,49.0
17,Real_Madrid,16,2,38,36,16,20,25.0,1.0,1.0,26.0
17,Real_Sociedad,17,3,35,26,18,8,47.0,1.0,0.0,50.0
17,Real_Betis,16,4,28,19,13,6,36.0,8.0,2.0,56.0
17,Villarreal,17,5,28,20,13,7,39.0,1.0,1.0,40.0
17,Atletico_Madrid,17,6,28,24,16,8,52.0,5.0,3.0,61.0
17,Osasuna,17,7,27,17,16,1,50.0,4.0,0.0,62.0
17,Rayo_Vallecano,17,8,26,24,20,4,46.0,2.0,1.0,50.0
17,Athletic_Club,17,9,26,25,17,8,28.0,2.0,0.0,34.0
17,Mallorca,17,10,22,14,16,-2,64.0,2.0,0.0,70.0
17,Girona,17,11,21,26,27,-1,40.0,0.0,0.0,40.0
17,Valencia,16,12,19,23,18,5,50.0,4.0,2.0,58.0
17,Almeria,17,13,18,18,26,-8,52.0,2.0,2.0,54.0
17,Valladolid,17,14,17,13,25,-12,36.0,2.0,0.0,42.0
17,Celta_Vigo,17,15,17,17,28,-11,34.0,3.0,0.0,43.0
17,Getafe,17,16,17,16,24,-8,50.0,6.0,4.0,60.0
17,Espanyol,17,17,17,21,26,-5,41.0,5.0,1.0,54.0
17,Cadiz,17,18,16,12,28,-16,51.0,5.0,3.0,60.0
17,Sevilla,17,19,15,17,26,-9,64.0,7.0,2.0,81.0
17,Elche,17,20,5,11,35,-24,52.0,6.0,1.0,68.0
18,Barcelona,17,1,44,36,6,30,44.0,4.0,3.0,50.0
18,Real_Madrid,17,2,41,38,16,22,27.0,1.0,1.0,28.0
18,Real_Sociedad,18,3,38,28,18,10,47.0,1.0,0.0,50.0
18,Villarreal,18,4,31,21,13,8,44.0,1.0,1.0,45.0
18,Atletico_Madrid,18,5,31,27,16,11,53.0,5.0,3.0,62.0
18,Osasuna,18,6,28,18,17,1,51.0,4.0,0.0,63.0
18,Real_Betis,17,7,28,19,14,5,38.0,8.0,2.0,58.0
18,Rayo_Vallecano,18,8,26,24,22,2,46.0,2.0,1.0,50.0
18,Athletic_Club,18,9,26,25,19,6,31.0,2.0,0.0,37.0
18,Mallorca,18,10,25,15,16,-1,66.0,2.0,0.0,72.0
18,Girona,18,11,21,26,28,-2,45.0,1.0,1.0,46.0
18,Espanyol,18,12,20,22,26,-4,44.0,5.0,1.0,57.0
18,Valencia,17,13,20,25,20,5,52.0,4.0,2.0,60.0
18,Almeria,18,14,19,20,28,-8,53.0,2.0,2.0,55.0
18,Sevilla,18,15,18,18,26,-8,65.0,7.0,2.0,82.0
18,Valladolid,18,16,17,13,28,-15,37.0,2.0,0.0,43.0
18,Celta_Vigo,18,17,17,17,29,-12,37.0,3.0,0.0,46.0
18,Getafe,18,18,17,16,25,-9,52.0,6.0,4.0,62.0
18,Cadiz,18,19,16,12,29,-17,55.0,6.0,4.0,65.0
18,Elche,18,20,6,12,36,-24,54.0,6.0,1.0,70.0
19,Barcelona,18,1,47,37,6,31,47.0,4.0,3.0,53.0
19,Real_Madrid,18,2,42,38,16,22,28.0,1.0,1.0,29.0
19,Real_Sociedad,19,3,39,28,18,10,51.0,1.0,0.0,54.0
19,Atletico_Madrid,19,4,34,28,16,12,53.0,5.0,3.0,62.0
19,Real_Betis,18,5,31,20,14,6,40.0,8.0,2.0,60.0
19,Villarreal,19,6,31,21,14,7,46.0,1.0,1.0,47.0
19,Rayo_Vallecano,19,7,29,25,22,3,49.0,2.0,1.0,53.0
19,Osasuna,19,8,28,18,18,0,52.0,4.0,0.0,64.0
19,Athletic_Club,19,9,26,25,20,5,33.0,2.0,0.0,39.0
19,Mallorca,19,10,25,15,18,-3,68.0,2.0,0.0,74.0
19,Almeria,19,11,22,23,29,-6,56.0,2.0,2.0,58.0
19,Sevilla,19,12,21,21,26,-5,66.0,7.0,2.0,83.0
19,Girona,19,13,21,26,29,-3,47.0,1.0,1.0,48.0
19,Valladolid,19,14,20,14,28,-14,40.0,2.0,0.0,46.0
19,Celta_Vigo,19,15,20,18,29,-11,39.0,3.0,0.0,48.0
19,Espanyol,19,16,20,23,29,-6,47.0,5.0,1.0,60.0
19,Valencia,18,17,20,25,21,4,53.0,4.0,2.0,61.0
19,Cadiz,19,18,19,14,29,-15,57.0,6.0,4.0,67.0
19,Getafe,19,19,17,16,26,-10,56.0,6.0,4.0,66.0
19,Elche,19,20,6,12,39,-27,57.0,7.0,1.0,76.0
17,Barcelona,19,1,50,39,7,32,47.0,4.0,3.0,53.0
17,Real_Madrid,19,2,45,40,16,24,31.0,1.0,1.0,32.0
17,Real_Sociedad,19,3,39,28,18,10,51.0,1.0,0.0,54.0
17,Atletico_Madrid,19,4,34,28,16,12,53.0,5.0,3.0,62.0
17,Real_Betis,19,5,31,21,16,5,43.0,9.0,2.0,66.0
17,Villarreal,19,6,31,21,14,7,46.0,1.0,1.0,47.0
17,Rayo_Vallecano,19,7,29,25,22,3,49.0,2.0,1.0,53.0
17,Osasuna,19,8,28,18,18,0,52.0,4.0,0.0,64.0
17,Athletic_Club,19,9,26,25,20,5,33.0,2.0,0.0,39.0
17,Mallorca,19,10,25,15,18,-3,68.0,2.0,0.0,74.0
17,Almeria,19,11,22,23,29,-6,56.0,2.0,2.0,58.0
17,Sevilla,19,12,21,21,26,-5,66.0,7.0,2.0,83.0
17,Girona,19,13,21,26,29,-3,47.0,1.0,1.0,48.0
17,Valladolid,19,14,20,14,28,-14,40.0,2.0,0.0,46.0
17,Celta_Vigo,19,15,20,18,29,-11,39.0,3.0,0.0,48.0
17,Espanyol,19,16,20,23,29,-6,47.0,5.0,1.0,60.0
17,Valencia,19,17,20,25,23,2,54.0,5.0,2.0,65.0
17,Cadiz,19,18,19,14,29,-15,57.0,6.0,4.0,67.0
17,Getafe,19,19,17,16,26,-10,56.0,6.0,4.0,66.0
17,Elche,19,20,6,12,39,-27,57.0,7.0,1.0,76.0
20,Barcelona,20,1,53,42,7,35,47.0,4.0,3.0,53.0
20,Real_Madrid,20,2,45,40,17,23,36.0,1.0,1.0,37.0
20,Real_Sociedad,20,3,39,28,19,9,55.0,1.0,0.0,58.0
20,Atletico_Madrid,20,4,35,29,17,12,56.0,5.0,3.0,65.0
20,Rayo_Vallecano,20,5,32,27,22,5,52.0,2.0,1.0,56.0
20,Real_Betis,20,6,31,24,20,4,45.0,10.0,2.0,71.0
20,Villarreal,20,7,31,22,17,5,48.0,1.0,1.0,49.0
20,Osasuna,20,8,29,19,19,0,57.0,5.0,1.0,70.0
20,Athletic_Club,20,9,29,29,21,8,35.0,3.0,1.0,42.0
20,Mallorca,20,10,28,16,18,-2,73.0,2.0,0.0,79.0
20,Girona,20,11,24,27,29,-2,48.0,1.0,1.0,49.0
20,Valladolid,20,12,23,15,28,-13,45.0,2.0,0.0,51.0
20,Celta_Vigo,20,13,23,22,32,-10,42.0,3.0,0.0,51.0
20,Almeria,20,14,22,23,31,-8,59.0,2.0,2.0,61.0
20,Sevilla,20,15,21,21,29,-8,68.0,7.0,2.0,85.0
20,Espanyol,20,16,21,24,30,-6,50.0,6.0,2.0,64.0
20,Valencia,20,17,20,25,24,1,58.0,5.0,2.0,69.0
20,Cadiz,20,18,19,15,33,-18,58.0,6.0,4.0,68.0
20,Getafe,20,19,18,17,27,-10,61.0,6.0,4.0,71.0
20,Elche,20,20,9,15,40,-25,61.0,7.0,1.0,80.0
21,Barcelona,21,1,56,43,7,36,51.0,4.0,3.0,57.0
21,Real_Madrid,21,2,48,44,17,27,37.0,1.0,1.0,38.0
21,Real_Sociedad,21,3,42,31,21,10,56.0,1.0,0.0,59.0
21,Atletico_Madrid,21,4,38,30,17,13,58.0,6.0,3.0,70.0
21,Real_Betis,21,5,34,27,22,5,48.0,10.0,2.0,74.0
21,Rayo_Vallecano,21,6,33,28,23,5,56.0,2.0,1.0,60.0
21,Athletic_Club,21,7,32,31,22,9,37.0,3.0,1.0,44.0
21,Villarreal,21,8,31,22,18,4,52.0,1.0,1.0,53.0
21,Osasuna,21,9,30,19,19,0,60.0,5.0,1.0,73.0
21,Mallorca,21,10,28,16,20,-4,75.0,2.0,0.0,81.0
21,Valladolid,21,11,24,15,28,-13,46.0,2.0,0.0,52.0
21,Sevilla,21,12,24,23,29,-6,72.0,7.0,2.0,89.0
21,Girona,21,13,24,27,31,-4,52.0,1.0,1.0,53.0
21,Celta_Vigo,21,14,23,22,33,-11,44.0,3.0,0.0,53.0
21,Cadiz,21,15,22,17,33,-16,62.0,6.0,4.0,72.0
21,Almeria,21,16,22,25,34,-9,61.0,2.0,2.0,63.0
21,Espanyol,21,17,21,26,33,-7,54.0,7.0,3.0,69.0
21,Valencia,21,18,20,26,26,0,60.0,5.0,2.0,71.0
21,Getafe,21,19,19,18,28,-10,65.0,7.0,5.0,76.0
21,Elche,21,20,9,15,44,-29,64.0,7.0,1.0,83.0
22,Barcelona,22,1,59,45,7,38,53.0,4.0,3.0,59.0
22,Real_Madrid,22,2,51,46,17,29,39.0,1.0,1.0,40.0
22,Real_Sociedad,22,3,43,32,22,10,59.0,1.0,0.0,62.0
22,Atletico_Madrid,22,4,41,31,17,14,60.0,6.0,3.0,72.0
22,Real_Betis,22,5,37,29,23,6,51.0,10.0,2.0,77.0
22,Rayo_Vallecano,22,6,34,29,24,5,60.0,2.0,1.0,64.0
22,Athletic_Club,22,7,32,31,23,8,40.0,3.0,1.0,47.0
22,Mallorca,22,8,31,20,22,-2,80.0,2.0,0.0,86.0
22,Villarreal,22,9,31,24,22,2,52.0,2.0,1.0,56.0
22,Osasuna,22,10,30,19,21,-2,63.0,5.0,1.0,76.0
22,Girona,22,11,27,33,33,0,53.0,1.0,1.0,54.0
22,Sevilla,22,12,25,24,30,-6,73.0,7.0,2.0,90.0
22,Valladolid,22,13,24,16,30,-14,51.0,2.0,0.0,57.0
22,Celta_Vigo,22,14,24,23,34,-11,49.0,4.0,1.0,59.0
22,Espanyol,22,15,24,27,33,-6,57.0,7.0,3.0,72.0
22,Cadiz,22,16,22,17,35,-18,65.0,6.0,4.0,75.0
22,Almeria,22,17,22,27,40,-13,62.0,2.0,2.0,64.0
22,Getafe,22,18,22,19,28,-9,71.0,7.0,5.0,82.0
22,Valencia,22,19,20,26,27,-1,61.0,5.0,2.0,72.0
22,Elche,22,20,9,15,45,-30,66.0,8.0,2.0,86.0
23,Barcelona,23,1,59,45,8,37,56.0,4.0,3.0,62.0
23,Real_Madrid,23,2,52,47,18,29,42.0,1.0,1.0,43.0
23,Real_Sociedad,23,3,43,32,23,9,62.0,1.0,0.0,65.0
23,Atletico_Madrid,23,4,42,32,18,14,63.0,7.0,3.0,78.0
23,Real_Betis,23,5,40,32,25,7,52.0,10.0,2.0,78.0
23,Villarreal,23,6,34,26,23,3,52.0,2.0,1.0,56.0
23,Rayo_Vallecano,23,7,34,29,25,4,64.0,3.0,2.0,69.0
23,Osasuna,23,8,33,22,23,-1,65.0,5.0,1.0,78.0
23,Athletic_Club,23,9,32,33,26,7,45.0,3.0,1.0,52.0
23,Mallorca,23,10,31,21,24,-3,82.0,2.0,0.0,88.0
23,Girona,23,11,30,36,35,1,58.0,1.0,1.0,59.0
23,Celta_Vigo,23,12,27,26,34,-8,50.0,4.0,1.0,60.0
23,Espanyol,23,13,27,29,34,-5,59.0,7.0,3.0,74.0
23,Cadiz,23,14,25,18,35,-17,68.0,6.0,4.0,78.0
23,Almeria,23,15,25,28,40,-12,65.0,2.0,2.0,67.0
23,Sevilla,23,16,25,26,33,-7,77.0,8.0,2.0,97.0
23,Valladolid,23,17,24,16,33,-17,54.0,3.0,0.0,63.0
23,Valencia,23,18,23,27,27,0,67.0,5.0,2.0,78.0
23,Getafe,23,19,22,20,30,-10,72.0,7.0,5.0,83.0
23,Elche,23,20,9,17,48,-31,70.0,10.0,3.0,94.0
24,Barcelona,24,1,62,46,8,38,56.0,5.0,3.0,65.0
24,Real_Madrid,24,2,53,47,18,29,46.0,1.0,1.0,47.0
24,Atletico_Madrid,24,3,45,38,19,19,64.0,7.0,3.0,79.0
24,Real_Sociedad,24,4,44,32,23,9,62.0,1.0,0.0,65.0
24,Real_Betis,24,5,41,32,25,7,55.0,10.0,2.0,81.0
24,Villarreal,24,6,37,28,23,5,56.0,2.0,1.0,60.0
24,Rayo_Vallecano,24,7,35,29,25,4,65.0,3.0,2.0,70.0
24,Osasuna,24,8,34,22,23,-1,65.0,5.0,1.0,78.0
24,Athletic_Club,24,9,33,33,26,7,45.0,4.0,1.0,55.0
24,Mallorca,24,10,31,21,25,-4,85.0,2.0,0.0,91.0
24,Girona,24,11,30,38,38,0,62.0,1.0,1.0,63.0
24,Celta_Vigo,24,12,28,26,34,-8,52.0,4.0,1.0,62.0
24,Valladolid,24,13,27,18,34,-16,57.0,3.0,0.0,66.0
24,Espanyol,24,14,27,30,36,-6,61.0,7.0,3.0,76.0
24,Cadiz,24,15,26,18,35,-17,69.0,6.0,4.0,79.0
24,Almeria,24,16,25,28,42,-14,68.0,2.0,2.0,70.0
24,Sevilla,24,17,25,27,39,-12,81.0,9.0,3.0,102.0
24,Getafe,24,18,25,23,32,-9,77.0,7.0,5.0,88.0
24,Valencia,24,19,23,27,28,-1,67.0,5.0,2.0,78.0
24,Elche,24,20,12,18,48,-30,73.0,10.0,3.0,97.0
25,Barcelona,25,1,65,47,8,39,57.0,5.0,3.0,66.0
25,Real_Madrid,25,2,56,50,19,31,49.0,1.0,1.0,50.0
25,Atletico_Madrid,25,3,48,39,19,20,67.0,7.0,3.0,82.0
25,Real_Sociedad,25,4,45,33,24,9,64.0,2.0,0.0,70.0
25,Real_Betis,25,5,42,33,26,7,57.0,10.0,2.0,83.0
25,Villarreal,25,6,38,29,24,5,59.0,2.0,1.0,63.0
25,Rayo_Vallecano,25,7,35,29,28,1,68.0,3.0,2.0,73.0
25,Osasuna,25,8,34,22,24,-2,70.0,5.0,1.0,83.0
25,Athletic_Club,25,9,33,33,27,6,47.0,4.0,1.0,57.0
25,Mallorca,25,10,32,22,26,-4,87.0,2.0,0.0,93.0
25,Celta_Vigo,25,11,31,29,34,-5,54.0,4.0,1.0,64.0
25,Girona,25,12,30,38,39,-1,64.0,1.0,1.0,65.0
25,Valladolid,25,13,28,19,35,-16,63.0,5.0,2.0,74.0
25,Sevilla,25,14,28,29,40,-11,86.0,9.0,3.0,107.0
25,Cadiz,25,15,27,20,37,-17,73.0,7.0,4.0,86.0
25,Espanyol,25,16,27,31,39,-8,63.0,7.0,3.0,78.0
25,Getafe,25,17,26,25,34,-9,82.0,8.0,6.0,94.0
25,Valencia,25,18,26,28,28,0,69.0,5.0,2.0,80.0
25,Almeria,25,19,25,29,44,-15,72.0,2.0,2.0,74.0
25,Elche,25,20,13,19,49,-30,76.0,10.0,3.0,100.0
26,Barcelona,26,1,68,49,9,40,61.0,5.0,3.0,70.0
26,Real_Madrid,26,2,56,51,21,30,52.0,1.0,1.0,53.0
26,Atletico_Madrid,26,3,51,42,19,23,69.0,7.0,3.0,84.0
26,Real_Sociedad,26,4,48,35,24,11,66.0,2.0,0.0,72.0
26,Real_Betis,26,5,45,34,26,8,58.0,10.0,2.0,84.0
26,Villarreal,26,6,41,32,24,8,61.0,2.0,1.0,65.0
26,Rayo_Vallecano,26,7,36,31,30,1,70.0,3.0,2.0,75.0
26,Athletic_Club,26,8,36,36,28,8,49.0,4.0,1.0,59.0
26,Osasuna,26,9,34,22,27,-5,73.0,5.0,1.0,86.0
26,Celta_Vigo,26,10,34,32,35,-3,56.0,4.0,1.0,66.0
26,Mallorca,26,11,32,22,27,-5,89.0,2.0,0.0,95.0
26,Girona,26,12,31,40,41,-1,66.0,1.0,1.0,67.0
26,Getafe,26,13,29,27,34,-7,86.0,8.0,6.0,98.0
26,Valladolid,26,14,28,20,38,-18,65.0,5.0,2.0,76.0
26,Cadiz,26,15,28,21,38,-17,77.0,7.0,4.0,90.0
26,Sevilla,26,16,28,29,42,-13,88.0,9.0,3.0,109.0
26,Espanyol,26,17,27,32,42,-10,65.0,7.0,3.0,80.0
26,Almeria,26,18,26,30,45,-15,73.0,2.0,2.0,75.0
26,Valencia,26,19,26,28,31,-3,69.0,5.0,2.0,80.0
26,Elche,26,20,13,19,51,-32,77.0,10.0,3.0,101.0
27,Barcelona,27,1,71,53,9,44,64.0,5.0,3.0,73.0
27,Real_Madrid,27,2,59,57,21,36,52.0,1.0,1.0,53.0
27,Atletico_Madrid,27,3,54,43,19,24,70.0,7.0,3.0,85.0
27,Real_Sociedad,27,4,48,35,26,9,69.0,2.0,0.0,75.0
27,Real_Betis,27,5,45,34,27,7,60.0,10.0,2.0,86.0
27,Villarreal,27,6,44,34,24,10,66.0,3.0,2.0,71.0
27,Rayo_Vallecano,27,7,37,32,31,1,73.0,3.0,2.0,78.0
27,Athletic_Club,27,8,37,36,28,8,49.0,4.0,1.0,59.0
27,Osasuna,27,9,35,22,27,-5,76.0,5.0,1.0,89.0
27,Celta_Vigo,27,10,35,34,37,-3,59.0,4.0,1.0,69.0
27,Girona,27,11,34,42,42,0,70.0,1.0,1.0,71.0
27,Mallorca,27,12,33,22,27,-5,95.0,3.0,0.0,104.0
27,Sevilla,27,13,31,31,42,-11,92.0,9.0,3.0,113.0
27,Getafe,27,14,30,27,34,-7,86.0,8.0,6.0,98.0
27,Valladolid,27,15,28,20,44,-24,66.0,5.0,2.0,77.0
27,Cadiz,27,16,28,21,40,-19,80.0,7.0,4.0,93.0
27,Almeria,27,17,27,32,47,-15,78.0,2.0,2.0,80.0
27,Espanyol,27,18,27,33,44,-11,67.0,8.0,3.0,85.0
27,Valencia,27,19,27,29,32,-3,71.0,5.0,2.0,82.0
27,Elche,27,20,13,19,55,-36,77.0,10.0,3.0,101.0
28,Barcelona,28,1,72,53,9,44,64.0,5.0,3.0,73.0
28,Real_Madrid,28,2,59,59,24,35,52.0,1.0,1.0,53.0
28,Atletico_Madrid,28,3,57,45,20,25,70.0,7.0,3.0,85.0
28,Real_Sociedad,28,4,51,37,26,11,71.0,2.0,0.0,77.0
28,Villarreal,28,5,47,37,26,11,69.0,3.0,2.0,74.0
28,Real_Betis,28,6,45,34,29,5,63.0,12.0,2.0,95.0
28,Athletic_Club,28,7,40,38,29,9,53.0,4.0,1.0,63.0
28,Osasuna,28,8,38,24,28,-4,77.0,5.0,1.0,90.0
28,Rayo_Vallecano,28,9,37,33,33,0,73.0,4.0,2.0,81.0
28,Celta_Vigo,28,10,36,36,39,-3,61.0,4.0,1.0,71.0
28,Girona,28,11,35,42,42,0,72.0,1.0,1.0,73.0
28,Mallorca,28,12,34,25,30,-5,100.0,3.0,0.0,109.0
28,Sevilla,28,13,32,33,44,-11,98.0,11.0,4.0,123.0
28,Cadiz,28,14,31,23,40,-17,82.0,7.0,4.0,95.0
28,Almeria,28,15,30,34,48,-14,81.0,2.0,2.0,83.0
28,Getafe,28,16,30,27,36,-9,87.0,8.0,6.0,99.0
28,Valladolid,28,17,29,23,47,-24,69.0,5.0,2.0,80.0
28,Espanyol,28,18,27,34,46,-12,73.0,9.0,4.0,92.0
28,Valencia,28,19,27,30,34,-4,73.0,5.0,2.0,84.0
28,Elche,28,20,13,20,57,-37,80.0,10.0,3.0,104.0
29,Barcelona,29,1,73,53,9,44,65.0,5.0,3.0,74.0
29,Real_Madrid,29,2,62,61,24,37,52.0,1.0,1.0,53.0
29,Atletico_Madrid,29,3,60,47,21,26,72.0,7.0,3.0,87.0
29,Real_Sociedad,29,4,51,37,28,9,73.0,2.0,0.0,79.0
29,Real_Betis,29,5,48,37,30,7,65.0,12.0,2.0,97.0
29,Villarreal,29,6,47,38,28,10,70.0,3.0,2.0,75.0
29,Athletic_Club,29,7,43,40,29,11,58.0,4.0,1.0,68.0
29,Rayo_Vallecano,29,8,40,35,34,1,75.0,4.0,2.0,83.0
29,Osasuna,29,9,38,25,30,-5,80.0,5.0,1.0,93.0
29,Girona,29,10,38,44,42,2,75.0,1.0,1.0,76.0
29,Mallorca,29,11,37,26,30,-4,101.0,3.0,0.0,110.0
29,Celta_Vigo,29,12,36,36,40,-4,63.0,5.0,2.0,74.0
29,Sevilla,29,13,35,35,44,-9,102.0,11.0,4.0,127.0
29,Valladolid,29,14,32,25,48,-23,75.0,5.0,2.0,86.0
29,Cadiz,29,15,31,23,42,-19,83.0,7.0,4.0,96.0
29,Getafe,29,16,31,27,36,-9,89.0,8.0,6.0,101.0
29,Almeria,29,17,30,35,50,-15,84.0,2.0,2.0,86.0
29,Espanyol,29,18,27,35,49,-14,75.0,9.0,4.0,94.0
29,Valencia,29,19,27,30,36,-6,74.0,6.0,2.0,88.0
29,Elche,29,20,13,20,59,-39,83.0,11.0,3.0,110.0
30,Barcelona,30,1,76,54,9,45,69.0,5.0,3.0,78.0
30,Real_Madrid,30,2,65,63,24,39,53.0,1.0,1.0,54.0
30,Atletico_Madrid,30,3,60,47,22,25,79.0,7.0,3.0,94.0
30,Real_Sociedad,30,4,54,39,29,10,74.0,2.0,0.0,80.0
30,Real_Betis,30,5,48,39,33,6,65.0,12.0,2.0,97.0
30,Villarreal,30,6,47,39,30,9,72.0,3.0,2.0,77.0
30,Athletic_Club,30,7,46,42,30,12,62.0,4.0,1.0,72.0
30,Osasuna,30,8,41,28,32,-4,82.0,5.0,1.0,95.0
30,Mallorca,30,9,40,29,31,-2,103.0,3.0,0.0,112.0
30,Rayo_Vallecano,30,10,40,36,36,0,77.0,4.0,2.0,85.0
30,Sevilla,30,11,38,37,45,-8,103.0,11.0,4.0,128.0
30,Girona,30,12,38,44,43,1,76.0,1.0,1.0,77.0
30,Celta_Vigo,30,13,36,36,42,-6,65.0,5.0,2.0,76.0
30,Valladolid,30,14,35,26,48,-22,76.0,5.0,2.0,87.0
30,Cadiz,30,15,32,23,42,-19,85.0,7.0,4.0,98.0
30,Getafe,30,16,31,28,39,-11,92.0,8.0,6.0,104.0
30,Almeria,30,17,30,36,52,-16,86.0,2.0,2.0,88.0
30,Valencia,30,18,30,32,36,-4,75.0,6.0,2.0,89.0
30,Espanyol,30,19,28,35,49,-14,79.0,9.0,4.0,98.0
30,Elche,30,20,13,20,61,-41,86.0,11.0,3.0,113.0
31,Barcelona,31,1,76,55,11,44,73.0,5.0,3.0,82.0
31,Real_Madrid,31,2,65,65,28,37,55.0,1.0,1.0,56.0
31,Atletico_Madrid,31,3,63,50,23,27,79.0,7.0,3.0,94.0
31,Real_Sociedad,31,4,55,39,29,10,77.0,2.0,0.0,83.0
31,Villarreal,31,5,50,43,32,11,74.0,3.0,2.0,79.0
31,Real_Betis,31,6,49,39,33,6,66.0,12.0,2.0,98.0
31,Athletic_Club,31,7,46,42,31,11,65.0,4.0,1.0,75.0
31,Osasuna,31,8,44,29,32,-3,83.0,6.0,1.0,99.0
31,Rayo_Vallecano,31,9,43,38,37,1,78.0,4.0,2.0,86.0
31,Sevilla,31,10,41,38,45,-7,106.0,11.0,4.0,131.0
31,Girona,31,11,41,48,45,3,77.0,1.0,1.0,78.0
31,Mallorca,31,12,40,30,34,-4,103.0,3.0,0.0,112.0
31,Celta_Vigo,31,13,39,37,42,-5,65.0,5.0,2.0,76.0
31,Valladolid,31,14,35,27,50,-23,80.0,5.0,2.0,91.0
31,Almeria,31,15,33,38,53,-15,88.0,2.0,2.0,90.0
31,Valencia,31,16,33,34,37,-3,75.0,6.0,2.0,89.0
31,Cadiz,31,17,32,23,43,-20,85.0,7.0,4.0,98.0
31,Getafe,31,18,31,29,41,-12,94.0,9.0,6.0,109.0
31,Espanyol,31,19,28,37,53,-16,83.0,10.0,4.0,105.0
31,Elche,31,20,13,20,62,-42,86.0,11.0,3.0,113.0
32,Barcelona,32,1,79,59,11,48,73.0,5.0,3.0,82.0
32,Real_Madrid,32,2,68,69,30,39,57.0,1.0,1.0,58.0
32,Atletico_Madrid,32,3,66,55,25,30,80.0,7.0,3.0,95.0
32,Real_Sociedad,32,4,58,41,29,12,78.0,2.0,0.0,84.0
32,Villarreal,32,5,53,46,33,13,75.0,3.0,2.0,80.0
32,Real_Betis,32,6,49,39,37,2,68.0,13.0,3.0,101.0
32,Athletic_Club,32,7,47,43,32,11,67.0,4.0,1.0,77.0
32,Osasuna,32,8,44,29,34,-5,86.0,6.0,1.0,102.0
32,Girona,32,9,44,50,45,5,78.0,1.0,1.0,79.0
32,Rayo_Vallecano,32,10,43,38,41,-3,79.0,5.0,2.0,90.0
32,Sevilla,32,11,41,38,47,-9,108.0,11.0,4.0,133.0
32,Mallorca,32,12,41,31,35,-4,107.0,4.0,0.0,119.0
32,Celta_Vigo,32,13,39,38,45,-7,69.0,5.0,2.0,80.0
32,Valladolid,32,14,35,29,55,-26,82.0,5.0,2.0,93.0
32,Cadiz,32,15,35,25,44,-19,91.0,7.0,4.0,104.0
32,Almeria,32,16,33,40,57,-17,90.0,2.0,2.0,92.0
32,Valencia,32,17,33,35,39,-4,77.0,6.0,2.0,91.0
32,Espanyol,32,18,31,38,53,-15,86.0,10.0,4.0,108.0
32,Getafe,32,19,31,29,42,-13,99.0,9.0,6.0,114.0
32,Elche,32,20,16,24,62,-38,87.0,11.0,3.0,114.0
33,Barcelona,33,1,82,60,11,49,73.0,5.0,3.0,82.0
33,Atletico_Madrid,33,2,69,60,26,34,83.0,7.0,3.0,98.0
33,Real_Madrid,33,3,68,69,32,37,62.0,2.0,2.0,64.0
33,Real_Sociedad,33,4,61,43,29,14,79.0,2.0,0.0,85.0
33,Villarreal,33,5,54,47,34,13,77.0,3.0,2.0,82.0
33,Real_Betis,33,6,52,40,37,3,71.0,13.0,3.0,104.0
33,Girona,33,7,47,52,46,6,82.0,1.0,1.0,83.0
33,Athletic_Club,33,8,47,43,33,10,68.0,5.0,1.0,81.0
33,Rayo_Vallecano,33,9,46,40,42,-2,79.0,5.0,2.0,90.0
33,Sevilla,33,10,44,41,49,-8,109.0,11.0,4.0,134.0
33,Osasuna,33,11,44,29,35,-6,86.0,7.0,1.0,105.0
33,Mallorca,33,12,41,32,37,-5,107.0,4.0,0.0,119.0
33,Celta_Vigo,33,13,39,38,46,-8,74.0,6.0,3.0,86.0
33,Almeria,33,14,36,42,58,-16,92.0,2.0,2.0,94.0
33,Valladolid,33,15,35,30,57,-27,82.0,5.0,2.0,93.0
33,Cadiz,33,16,35,26,49,-23,93.0,7.0,4.0,106.0
33,Getafe,33,17,34,30,42,-12,106.0,9.0,6.0,121.0
33,Valencia,33,18,34,36,40,-4,81.0,6.0,2.0,95.0
33,Espanyol,33,19,31,40,56,-16,88.0,10.0,4.0,110.0
33,Elche,33,20,16,25,64,-39,89.0,11.0,3.0,116.0
34,Barcelona,34,1,85,64,13,51,76.0,5.0,3.0,85.0
34,Real_Madrid,34,2,71,70,32,38,63.0,2.0,2.0,65.0
34,Atletico_Madrid,34,3,69,60,27,33,83.0,7.0,3.0,98.0
34,Real_Sociedad,34,4,62,45,31,14,84.0,2.0,0.0,90.0
34,Villarreal,34,5,57,52,35,17,81.0,3.0,2.0,86.0
34,Real_Betis,34,6,55,43,38,5,74.0,13.0,3.0,107.0
34,Girona,34,7,48,54,48,6,85.0,2.0,2.0,87.0
34,Sevilla,34,8,47,44,49,-5,110.0,11.0,4.0,135.0
34,Osasuna,34,9,47,32,36,-4,86.0,7.0,1.0,105.0
34,Athletic_Club,34,10,47,44,38,6,71.0,5.0,1.0,84.0
34,Rayo_Vallecano,34,11,46,41,45,-4,81.0,5.0,2.0,92.0
34,Mallorca,34,12,44,33,37,-4,112.0,4.0,0.0,124.0
34,Celta_Vigo,34,13,39,39,48,-9,77.0,6.0,3.0,89.0
34,Valencia,34,14,37,38,41,-3,86.0,7.0,3.0,101.0
34,Almeria,34,15,36,43,61,-18,92.0,2.0,2.0,94.0
34,Valladolid,34,16,35,30,60,-30,84.0,5.0,2.0,95.0
34,Cadiz,34,17,35,26,50,-24,96.0,7.0,4.0,109.0
34,Getafe,34,18,34,30,43,-13,110.0,9.0,6.0,125.0
34,Espanyol,34,19,31,42,60,-18,89.0,10.0,4.0,111.0
34,Elche,34,20,19,26,64,-38,91.0,11.0,3.0,118.0
35,Barcelona,35,1,85,65,15,50,80.0,5.0,3.0,89.0
35,Atletico_Madrid,35,2,72,63,27,36,83.0,7.0,3.0,98.0
35,Real_Madrid,35,3,71,70,33,37,65.0,3.0,2.0,70.0
35,Real_Sociedad,35,4,65,47,32,15,88.0,2.0,0.0,94.0
35,Villarreal,35,5,60,54,36,18,82.0,3.0,2.0,87.0
35,Real_Betis,35,6,56,43,38,5,76.0,14.0,3.0,112.0
35,Athletic_Club,35,7,50,46,39,7,75.0,5.0,1.0,88.0
35,Sevilla,35,8,48,44,49,-5,112.0,11.0,4.0,137.0
35,Girona,35,9,48,55,50,5,87.0,2.0,2.0,89.0
35,Osasuna,35,10,47,32,39,-7,88.0,7.0,1.0,107.0
35,Rayo_Vallecano,35,11,46,42,47,-5,83.0,5.0,2.0,94.0
35,Mallorca,35,12,44,33,40,-7,114.0,4.0,0.0,126.0
35,Valencia,35,13,40,39,41,-2,90.0,7.0,3.0,105.0
35,Almeria,35,14,39,46,61,-15,93.0,2.0,2.0,95.0
35,Celta_Vigo,35,15,39,40,50,-10,78.0,6.0,3.0,90.0
35,Cadiz,35,16,38,28,50,-22,100.0,7.0,4.0,113.0
35,Valladolid,35,17,35,30,62,-32,87.0,6.0,2.0,101.0
35,Getafe,35,18,35,31,44,-13,113.0,9.0,6.0,128.0
35,Espanyol,35,19,34,44,61,-17,91.0,10.0,4.0,113.0
35,Elche,35,20,20,27,65,-38,92.0,11.0,3.0,119.0
36,Barcelona,36,1,85,66,18,48,80.0,5.0,3.0,89.0
36,Real_Madrid,36,2,74,72,34,38,66.0,3.0,2.0,71.0
36,Atletico_Madrid,36,3,73,66,30,36,86.0,7.0,3.0,101.0
36,Real_Sociedad,36,4,68,48,32,16,88.0,2.0,0.0,94.0
36,Villarreal,36,5,63,56,36,20,83.0,3.0,2.0,88.0
36,Real_Betis,36,6,56,43,39,4,78.0,15.0,3.0,117.0
36,Osasuna,36,7,50,34,39,-5,91.0,7.0,1.0,110.0
36,Athletic_Club,36,8,50,46,41,5,78.0,5.0,1.0,91.0
36,Sevilla,36,9,49,45,50,-5,116.0,12.0,4.0,144.0
36,Girona,36,10,49,56,51,5,87.0,2.0,2.0,89.0
36,Mallorca,36,11,47,34,40,-6,118.0,4.0,0.0,130.0
36,Rayo_Vallecano,36,12,46,43,49,-6,86.0,5.0,2.0,97.0
36,Celta_Vigo,36,13,40,41,51,-10,78.0,6.0,3.0,90.0
36,Valencia,36,14,40,39,42,-3,92.0,7.0,3.0,107.0
36,Almeria,36,15,39,46,62,-16,94.0,3.0,2.0,99.0
36,Valladolid,36,16,38,33,63,-30,88.0,6.0,2.0,102.0
36,Cadiz,36,17,38,28,52,-24,102.0,7.0,4.0,115.0
36,Getafe,36,18,38,32,44,-12,118.0,9.0,6.0,133.0
36,Espanyol,36,19,35,47,64,-17,93.0,10.0,4.0,115.0
36,Elche,36,20,21,28,66,-38,93.0,11.0,3.0,120.0
37,Barcelona,37,1,88,69,18,51,80.0,5.0,3.0,89.0
37,Real_Madrid,37,2,77,74,35,39,70.0,3.0,2.0,75.0
37,Atletico_Madrid,37,3,76,68,31,37,88.0,7.0,3.0,103.0
37,Real_Sociedad,37,4,68,49,34,15,90.0,2.0,0.0,96.0
37,Villarreal,37,5,63,57,38,19,88.0,3.0,2.0,93.0
37,Real_Betis,37,6,59,45,40,5,79.0,15.0,3.0,118.0
37,Osasuna,37,7,50,35,41,-6,92.0,7.0,1.0,111.0
37,Athletic_Club,37,8,50,46,42,4,79.0,5.0,1.0,92.0
37,Sevilla,37,9,49,46,52,-6,118.0,13.0,4.0,149.0
37,Rayo_Vallecano,37,10,49,45,50,-5,89.0,5.0,2.0,100.0
37,Girona,37,11,49,57,53,4,87.0,2.0,2.0,89.0
37,Mallorca,37,12,47,34,43,-9,118.0,5.0,0.0,133.0
37,Cadiz,37,13,41,29,52,-23,111.0,7.0,4.0,124.0
37,Getafe,37,14,41,34,45,-11,121.0,9.0,6.0,136.0
37,Valencia,37,15,41,41,44,-3,92.0,7.0,3.0,107.0
37,Almeria,37,16,40,46,62,-16,94.0,3.0,2.0,99.0
37,Celta_Vigo,37,17,40,41,52,-11,83.0,6.0,3.0,95.0
37,Valladolid,37,18,39,33,63,-30,92.0,6.0,2.0,106.0
37,Espanyol,37,19,36,49,66,-17,96.0,10.0,4.0,118.0
37,Elche,37,20,24,29,66,-37,94.0,11.0,3.0,121.0
38,Barcelona,38,1,88,70,20,50,82.0,5.0,3.0,91.0
38,Real_Madrid,38,2,78,75,36,39,72.0,3.0,2.0,77.0
38,Atletico_Madrid,38,3,77,70,33,37,90.0,8.0,3.0,108.0
38,Real_Sociedad,38,4,71,51,35,16,90.0,2.0,0.0,96.0
38,Villarreal,38,5,64,59,40,19,91.0,3.0,2.0,96.0
38,Real_Betis,38,6,60,46,41,5,82.0,15.0,3.0,121.0
38,Osasuna,38,7,53,37,42,-5,93.0,7.0,1.0,112.0
38,Athletic_Club,38,8,51,47,43,4,81.0,5.0,1.0,94.0
38,Mallorca,38,9,50,37,43,-6,118.0,5.0,0.0,133.0
38,Rayo_Vallecano,38,10,49,45,53,-8,89.0,5.0,2.0,100.0
38,Sevilla,38,11,49,47,54,-7,119.0,13.0,4.0,150.0
38,Girona,38,12,49,58,55,3,92.0,2.0,2.0,94.0
38,Celta_Vigo,38,13,43,43,53,-10,85.0,6.0,3.0,97.0
38,Cadiz,38,14,42,30,53,-23,114.0,7.0,4.0,127.0
38,Getafe,38,15,42,34,45,-11,124.0,9.0,6.0,139.0
38,Valencia,38,16,42,42,45,-3,92.0,8.0,3.0,110.0
38,Almeria,38,17,41,49,65,-16,98.0,3.0,2.0,103.0
38,Valladolid,38,18,40,33,63,-30,93.0,6.0,2.0,107.0
38,Espanyol,38,19,37,52,69,-17,98.0,10.0,4.0,120.0
38,Elche,38,20,25,30,67,-37,98.0,11.0,3.0,125.0
